,Country,iso,SLAND_mean,SLAND_std,SLAND_total_forest_mean,SLAND_total_forest_std,SLAND_managed_forest_mean,SLAND_managed_forest_std
0,Antarctica,ATA,0.0,0.0,0.0,0.0,0.0,0.0
1,Chile,CHL,0.010595732,0.011309546,0.007738611,0.0074739247,0.004776759,0.0059867236
2,Argentina,ARG,0.053241957,0.0418137,0.010121456,0.010183111,0.009215086,0.0094804745
3,South Georgia and the Islands,SGS,6.048541e-06,2.3169041e-05,0.0,0.0,0.0,0.0
4,Falkland Islands,FLK,0.0002381323,0.0002775569,0.0,0.0,0.0,0.0
5,French Southern and Antarctic Lands,ATF,3.0001205e-05,0.00022371951,0.0,0.0,0.0,0.0
6,New Zealand,NZL,0.010642802,0.008261156,0.005245477,0.0037735377,0.0038255816,0.0029385057
7,Australia,AUS,0.031349715,0.058368508,0.012442941,0.006778902,0.011929594,0.006390384
8,Uruguay,URY,0.009472949,0.0071928618,0.00035126889,0.00058309466,0.00035126889,0.00058309466
9,South Africa,ZAF,0.010879048,0.0143408105,0.0028806345,0.0022791037,0.0028806345,0.0022791037
10,Brazil,BRA,0.28166777,0.24710637,0.24154212,0.21559864,0.1254366,0.11401528
11,Lesotho,LSO,0.00060147804,0.0011079954,0.0,0.0,0.0,0.0
12,Namibia,NAM,0.0030943833,0.0075627402,0.0,0.0,0.0,0.0
13,Paraguay,PRY,0.011330253,0.009503868,0.009751537,0.0078366315,0.009752723,0.007678671
14,eSwatini,SWZ,0.00054370705,0.00049624476,0.0003914032,0.00041053892,0.0003914032,0.00041053892
15,Botswana,BWA,0.0059614927,0.005576051,0.0,0.0,0.0,0.0
16,Mozambique,MOZ,0.023993894,0.015663551,0.019033583,0.012357258,0.019033583,0.012357258
17,Madagascar,MDG,0.018404344,0.013300618,0.0089034755,0.0064023547,0.007961533,0.0060646893
18,Bolivia,BOL,0.029639704,0.024674274,0.025496827,0.021804385,0.016910939,0.016501173
19,Zimbabwe,ZWE,0.008885837,0.005616947,0.0006792737,0.001091278,0.0006792737,0.001091278
20,New Caledonia,NCL,0.00033135124,0.0005342735,0.00018862536,0.00031595785,0.00018862536,0.00031595785
21,Cook Islands,COK,4.775531e-07,1.8726049e-06,0.0,0.0,0.0,0.0
22,France,FRA,0.00860011,0.010582403,0.008022737,0.0057117036,0.0028780329,0.0047014593
23,Mauritius,MUS,9.451467e-06,3.5611567e-05,9.747706e-06,3.542265e-05,9.747706e-06,3.542265e-05
24,Vanuatu,VUT,0.0003252042,0.0004994514,4.6984493e-05,0.000107961794,4.6984493e-05,0.000107961794
25,Peru,PER,0.06491123,0.034110367,0.05458004,0.03190385,0.017862864,0.013137105
26,French Polynesia,PYF,6.4110795e-06,3.310878e-05,0.0,0.0,0.0,0.0
27,Angola,AGO,0.054009672,0.017304536,0.041856065,0.013941363,0.041856065,0.013941363
28,Zambia,ZMB,0.032306552,0.015865328,0.02344846,0.011333171,0.02344846,0.011333171
29,Fiji,FJI,0.0004968752,0.00093836035,0.00024693302,0.00042087203,0.00024693302,0.00042087203
30,Malawi,MWI,0.0037320843,0.0020890522,0.0010245775,0.0006439077,0.0010245775,0.0006439077
31,Samoa,WSM,4.1591957e-05,9.0753645e-05,7.11368e-06,1.7127812e-05,0.0,0.0
32,Democratic Republic of the Congo,COD,0.18723546,0.06911066,0.18516414,0.06862905,0.12804766,0.047167864
33,Comoros,COM,6.56015e-07,1.7577986e-05,0.0,0.0,0.0,0.0
34,United Republic of Tanzania,TZA,0.046553746,0.016588323,0.021976706,0.006825363,0.021807872,0.0068153134
35,Papua New Guinea,PNG,0.038835164,0.01990075,0.03417829,0.017134419,0.02415891,0.012461336
36,Solomon Islands,SLB,0.0010383497,0.0011385678,0.00022123802,0.00029263156,0.00017978372,0.00022895954
37,Indonesia,IDN,0.15241717,0.068144456,0.12372271,0.05580091,0.0994789,0.04542745
38,East Timor,TLS,-7.804951e-06,0.00088056445,0.00012774463,0.00050960976,0.00012774463,0.00050960976
39,Ecuador,ECU,0.016386107,0.00836104,0.015114172,0.007814313,0.012258665,0.0056610033
40,Republic of the Congo,COG,0.023717087,0.011032209,0.023620471,0.010904967,0.015530223,0.007029497
41,Burundi,BDI,0.0015295871,0.0010137074,0.00096892426,0.0007341679,0.00096892426,0.0007341679
42,Kenya,KEN,0.035783634,0.015456805,0.0059679775,0.0043322784,0.0059679775,0.0043322784
43,Colombia,COL,0.05712171,0.04160126,0.05064551,0.03546283,0.024577878,0.021313703
44,Gabon,GAB,0.01864404,0.0086921165,0.017833585,0.008605754,0.013433679,0.006540867
45,Rwanda,RWA,0.0015519856,0.00086383783,0.00057119736,0.00045217827,0.00057119736,0.00045217827
46,Uganda,UGA,0.02151629,0.0074648196,0.011001263,0.0048524356,0.010856297,0.0048794313
47,Somalia,SOM,0.007381181,0.005632875,0.0,0.0,0.0,0.0
48,São Tomé and Principe,STP,-3.1235348e-07,1.1006962e-05,0.0,0.0,0.0,0.0
49,Venezuela,VEN,0.025330773,0.033892713,0.023901857,0.028025534,0.002296472,0.018640729
50,Guyana,GUY,0.014588399,0.00796219,0.01407348,0.008109121,0.00413697,0.0026524055
51,Equatorial Guinea,GNQ,0.0017893118,0.0010171437,0.0016782486,0.00097615976,0.0014450585,0.00096758705
52,Malaysia,MYS,0.025435429,0.012939205,0.021941192,0.0117640095,0.02070934,0.010880333
53,Kiribati,KIR,4.1670196e-06,1.1887152e-05,0.0,0.0,0.0,0.0
54,Suriname,SUR,0.011746294,0.0054195295,0.011459941,0.005442731,0.0032432664,0.0021589997
55,Cameroon,CMR,0.023910021,0.010325691,0.022657959,0.010174439,0.02003439,0.008870696
56,Central African Republic,CAF,0.029495442,0.014058375,0.028104356,0.013623323,0.027784515,0.013374442
57,South Sudan,SSD,0.01767272,0.012183901,0.008237331,0.005266605,0.008237331,0.005266605
58,Ethiopia,ETH,0.0509352,0.015381746,0.015382712,0.0052396124,0.015175379,0.0051962105
59,Brunei,BRN,0.00075915456,0.0010243931,0.00035711098,0.0005674742,0.00035711098,0.0005674742
60,Liberia,LBR,0.006905881,0.003903319,0.006348223,0.0035206338,0.006348223,0.0035206338
61,Ivory Coast,CIV,0.011098976,0.0081311045,0.009478194,0.006127278,0.009063685,0.006046198
62,Nigeria,NGA,0.022984678,0.005634083,0.00971116,0.0046492023,0.0095897,0.004638361
63,Ghana,GHA,0.0073309653,0.0035210815,0.004030581,0.0022567243,0.004030581,0.0022567243
64,Philippines,PHL,0.018838106,0.0123236915,0.0112501085,0.00782752,0.010916449,0.007899254
65,Togo,TGO,0.0014788923,0.0013277114,0.00049712096,0.00065500074,0.00049712096,0.00065500074
66,Benin,BEN,0.001430554,0.0014833816,0.00021684394,0.00032792252,0.00021684394,0.00032792252
67,Sri Lanka,LKA,0.005356877,0.0029550258,0.0045983326,0.0025332589,0.0045983326,0.0025332589
68,Thailand,THA,0.029014599,0.009763179,0.015183112,0.0055951034,0.013793238,0.0053113424
69,Panama,PAN,0.0063224933,0.0037085097,0.004042559,0.0026143799,0.0032412023,0.0021126675
70,Sierra Leone,SLE,0.0047191787,0.002448685,0.0041454975,0.0021856572,0.0041454975,0.0021856572
71,Guinea,GIN,0.0076468256,0.0032451137,0.0059601595,0.0026018142,0.0059601595,0.0026018142
72,Chad,TCD,0.0066787847,0.004114086,0.0010156807,0.0010711333,0.0010156807,0.0010711333
73,India,IND,0.13594015,0.046824306,0.026258135,0.010318428,0.024829531,0.009656981
74,Costa Rica,CRI,0.0044707987,0.0026296326,0.0035538287,0.002048328,0.0030157894,0.001763444
75,Sudan,SDN,0.016659299,0.011645175,7.6148724e-05,0.00016005487,7.6148724e-05,0.00016005487
76,Vietnam,VNM,0.022088993,0.010694537,0.015746877,0.0074258647,0.015354086,0.0072691897
77,Trinidad and Tobago,TTO,0.00031712226,0.00033317186,0.00028702588,0.0003465449,0.00028702588,0.0003465449
78,Mali,MLI,0.005499562,0.004965939,6.57088e-05,9.05808e-05,6.57088e-05,9.05808e-05
79,Burkina Faso,BFA,0.0036377662,0.003986732,0.0,0.0,0.0,0.0
80,Myanmar,MMR,0.042913318,0.014300794,0.030847238,0.010818619,0.029331299,0.010298998
81,Cambodia,KHM,0.012854007,0.006269247,0.0081895385,0.0044746674,0.007910972,0.004467289
82,Nicaragua,NIC,0.009230071,0.0039527686,0.007966852,0.0036172383,0.007686483,0.003634544
83,Guinea-Bissau,GNB,0.000836969,0.0005175509,0.00058661023,0.00032679184,0.00058661023,0.00032679184
84,Djibouti,DJI,1.9066223e-05,8.372714e-05,0.0,0.0,0.0,0.0
85,Niger,NER,0.0033637576,0.0033332596,0.0,0.0,0.0,0.0
86,Senegal,SEN,0.001734193,0.0018790395,0.0,0.0,0.0,0.0
87,Eritrea,ERI,0.0017517438,0.0014557295,0.0,0.0,0.0,0.0
88,Yemen,YEM,0.0013272517,0.0016535635,0.0,0.0,0.0,0.0
89,El Salvador,SLV,0.0013124974,0.00093694136,0.0010811724,0.0009557417,0.0010811724,0.0009557417
90,Honduras,HND,0.0064527113,0.0033108743,0.0059169424,0.0029880202,0.0057222587,0.0029559107
91,Saint Vincent and the Grenadines,VCT,1.8003191e-05,4.6465942e-05,0.0,0.0,0.0,0.0
92,Gambia,GMB,0.00018033772,0.00020425333,0.0,0.0,0.0,0.0
93,Guatemala,GTM,0.00835971,0.0046119965,0.0076367348,0.004181674,0.0071887914,0.0037706583
94,Laos,LAO,0.015797501,0.007356566,0.015336295,0.007165301,0.015336295,0.007165301
95,Mexico,MEX,0.062826015,0.015941704,0.03422366,0.011159358,0.03365173,0.010983365
96,Cabo Verde,CPV,1.19981205e-05,3.5326088e-05,0.0,0.0,0.0,0.0
97,Mauritania,MRT,0.0009666996,0.0019489581,0.0,0.0,0.0,0.0
98,Belize,BLZ,0.0011134242,0.0009704802,0.00070929836,0.00057682995,0.00060504954,0.00053706765
99,Saudi Arabia,SAU,0.0008478254,0.0018153476,0.0,0.0,0.0,0.0
100,Oman,OMN,-6.644683e-05,0.00029025972,0.0,0.0,0.0,0.0
101,Jamaica,JAM,0.0003405303,0.0005828268,0.00028853051,0.00045655968,0.00028853051,0.00045655968
102,United States Virgin Islands,VIR,-2.8061656e-06,1.06950365e-05,0.0,0.0,0.0,0.0
103,Haiti,HTI,0.0009813666,0.001448658,0.00031915787,0.0006480637,0.00031915787,0.0006480637
104,Dominican Republic,DOM,0.002137314,0.0020020672,0.0011633418,0.001076165,0.0011633418,0.001076165
105,Puerto Rico,PRI,0.0005146953,0.0005748662,0.00037421248,0.0004291643,0.00037421248,0.0004291643
106,China,CHN,0.2454111,0.0842786,0.10857882,0.046479005,0.107122004,0.046282
107,United States of America,USA,0.29736248,0.122969076,0.18793823,0.09380549,0.17880553,0.09157839
108,Algeria,DZA,-0.0023920988,0.005472424,2.5441606e-05,0.00013725577,2.5441606e-05,0.00013725577
109,Cayman Islands,CYM,6.561457e-07,2.7448575e-06,0.0,0.0,0.0,0.0
110,Libya,LBY,0.00013732964,0.0013468883,0.0,0.0,0.0,0.0
111,Cuba,CUB,0.0039722626,0.0028530015,0.00085186644,0.0009434657,0.00085186644,0.0009434657
112,Morocco,MAR,-0.0028541756,0.005479219,0.0,0.0,0.0,0.0
113,Western Sahara,ESH,3.0331976e-05,0.00010184184,0.0,0.0,0.0,0.0
114,Bir Tawil,BIR,-1.047287e-06,4.555485e-06,0.0,0.0,0.0,0.0
115,Bangladesh,BGD,0.0069338307,0.003893357,0.0017850399,0.00096880714,0.0017850399,0.00096880714
116,The Bahamas,BHS,0.00018482517,0.00027535178,2.6771642e-07,1.166949e-06,2.6771642e-07,1.166949e-06
117,Egypt,EGY,0.00057376036,0.0010645335,3.1741616e-05,0.00014132212,3.1741616e-05,0.00014132212
118,Hong Kong S.A.R.,HKG,0.00013916842,0.00031457003,0.0,0.0,0.0,0.0
119,Taiwan,TWN,0.0019062567,0.0018605517,0.0008801782,0.00083788374,0.0008801782,0.00083788374
120,United Arab Emirates,ARE,7.707185e-05,0.00014859278,0.0,0.0,0.0,0.0
121,Pakistan,PAK,0.0076698055,0.0047549894,0.00037184282,0.00031691455,0.00037184282,0.00031691455
122,Qatar,QAT,2.0581505e-05,4.7590936e-05,0.0,0.0,0.0,0.0
123,Iran,IRN,0.0026517222,0.0046365196,-0.00025127464,0.00040917096,-0.00025127464,0.00040917096
124,Japan,JPN,0.020361856,0.011492284,0.013478047,0.00738003,0.013383239,0.0073270923
125,Nepal,NPL,0.0067161457,0.0031604257,0.005304672,0.0022450557,0.0052737575,0.0022486902
126,Bhutan,BTN,0.0016420425,0.0013713593,0.0016140154,0.0013693335,0.0014503292,0.0012918267
127,Spain,ESP,0.0076701753,0.007182055,0.0031428726,0.0030664408,0.0031428726,0.0030664408
128,Kuwait,KWT,2.7228934e-06,6.133047e-05,0.0,0.0,0.0,0.0
129,Jordan,JOR,0.00011776086,0.00017784485,0.0,0.0,0.0,0.0
130,Iraq,IRQ,0.0014016506,0.0016709163,0.0,0.0,0.0,0.0
131,Afghanistan,AFG,0.0038676527,0.002688398,0.000107642336,0.00016912787,0.000107642336,0.00016912787
132,Israel,ISR,0.00021858007,0.00021155382,0.0,0.0,0.0,0.0
133,Tunisia,TUN,-0.00033393162,0.0011047416,0.0,0.0,0.0,0.0
134,Palestine,PSE,0.000114933355,0.0002875244,0.0,0.0,0.0,0.0
135,Portugal,PRT,0.0016855388,0.0017135169,0.00087671104,0.00085436925,0.00087671104,0.00085436925
136,Syria,SYR,0.0011980899,0.0010850086,2.187362e-05,3.4496847e-05,2.187362e-05,3.4496847e-05
137,Lebanon,LBN,0.0001512412,0.00015354913,0.0,0.0,0.0,0.0
138,South Korea,KOR,0.005725138,0.004387452,0.0028635531,0.002227658,0.0028635531,0.002227658
139,Cyprus,CYP,5.819056e-05,7.836824e-05,4.8757115e-06,1.086064e-05,4.8757115e-06,1.086064e-05
140,Greece,GRC,0.0044967355,0.0021512306,0.0017662486,0.00084283703,0.0017662486,0.00084283703
141,Northern Cyprus,CYN,4.3281834e-05,6.4766944e-05,-1.697305e-07,7.3983796e-07,-1.697305e-07,7.3983796e-07
142,Siachen Glacier,SGR,2.380214e-05,7.017568e-05,0.0,0.0,0.0,0.0
143,Turkmenistan,TKM,0.0014455218,0.001436288,0.0,0.0,0.0,0.0
144,Turkey,TUR,0.017203327,0.006677673,0.003837776,0.002155683,0.003837776,0.002155683
145,Italy,ITA,0.0031300092,0.004319293,0.0016071175,0.0025000246,0.0016071175,0.0025000246
146,Tajikistan,TJK,0.0016825625,0.0012402282,0.0,0.0,0.0,0.0
147,Uzbekistan,UZB,0.0017979819,0.0014896936,0.0,0.0,0.0,0.0
148,North Korea,PRK,0.0062477626,0.0030205443,0.004147583,0.002072161,0.004147583,0.002072161
149,Azerbaijan,AZE,0.0006638768,0.0013151556,0.00018589906,0.00036409448,0.00018589906,0.00036409448
150,Armenia,ARM,0.00013481287,0.000761953,0.0,0.0,0.0,0.0
151,Kyrgyzstan,KGZ,0.0032734885,0.0022361588,0.0,0.0,0.0,0.0
152,Albania,ALB,0.00095912715,0.00067007367,0.0005201092,0.00031733245,0.0005201092,0.00031733245
153,Kazakhstan,KAZ,0.022469783,0.017031653,0.00062733784,0.00037806007,0.00062733784,0.00037806007
154,North Macedonia,MKD,0.0011164584,0.000705244,0.00075137225,0.00068154995,0.00075137225,0.00068154995
155,Bulgaria,BGR,0.0037478432,0.0020938534,0.0023606052,0.0014030772,0.0023606052,0.0014030772
156,Georgia,GEO,0.0017533174,0.0013162588,0.0010926975,0.00082962116,0.0009055938,0.000764101
157,Russia,RUS,0.39878735,0.16317874,0.28859955,0.12335082,0.2261288,0.0976392
158,Canada,CAN,0.21322086,0.093556136,0.17261891,0.06979075,0.10519484,0.04322378
159,Mongolia,MNG,0.014856403,0.008642349,0.0012294006,0.00077105657,0.0009612401,0.0007064207
160,Montenegro,MNE,0.00061810703,0.0004369632,0.00044059704,0.00036945092,0.00044059704,0.00036945092
161,Kosovo,XKX,0.0004108366,0.00028444914,0.00032691154,0.00022147968,0.00032691154,0.00022147968
162,Bosnia and Herzegovina,BIH,0.0017871091,0.0012976466,0.001223999,0.0009005793,0.001223999,0.0009005793
163,Republic of Serbia,SRB,0.0018645936,0.0015848374,0.0014286549,0.0010232237,0.0014286549,0.0010232237
164,Croatia,HRV,0.0017552172,0.0014614743,0.0011842214,0.0010726614,0.0011842214,0.0010726614
165,Romania,ROU,0.004548078,0.004840088,0.0032541275,0.0030403682,0.0032541275,0.0030403682
166,Ukraine,UKR,0.00714275,0.014142604,0.0018360366,0.003700247,0.0018360366,0.003700247
167,Slovenia,SVN,0.0007813193,0.0006298641,0.0007813193,0.0006298641,0.0007813193,0.0006298641
168,Moldova,MDA,0.0003638059,0.0006650388,0.0,0.0,0.0,0.0
169,Baykonur Cosmodrome,BAY,1.7914026e-05,4.6374997e-05,0.0,0.0,0.0,0.0
170,Switzerland,CHE,0.0009944984,0.0008748097,0.000616194,0.00073417946,0.000616194,0.00073417946
171,Hungary,HUN,0.0010978765,0.002329394,0.0005118324,0.00056875916,0.0005118324,0.00056875916
172,Austria,AUT,0.0026434963,0.0018787356,0.002294601,0.0017453065,0.002294601,0.0017453065
173,Germany,DEU,0.0018478096,0.008267578,0.0014431666,0.0063721295,0.0014431666,0.0063721295
174,Slovakia,SVK,0.0015250153,0.0010646797,0.0013581328,0.00091891614,0.0013581328,0.00091891614
175,Czechia,CZE,0.001035104,0.0015319786,0.00080242613,0.0011300171,0.00080242613,0.0011300171
176,Poland,POL,0.0051976577,0.008049651,0.0025389323,0.004559297,0.0025389323,0.004559297
177,Belgium,BEL,0.0002905615,0.00069115625,0.0001093396,0.00031137365,0.0001093396,0.00031137365
178,Luxembourg,LUX,9.848006e-06,7.486437e-05,9.848006e-06,7.486437e-05,9.848006e-06,7.486437e-05
179,United Kingdom,GBR,0.004495315,0.004271744,0.000363578,0.00036026433,0.000363578,0.00036026433
180,Netherlands,NLD,0.000504956,0.0007989739,3.0513482e-05,7.270829e-05,3.0513482e-05,7.270829e-05
181,Ireland,IRL,0.0015615701,0.0025185784,4.491179e-05,9.096206e-05,4.491179e-05,9.096206e-05
182,Belarus,BLR,0.006612722,0.005297875,0.005500084,0.0043595806,0.005500084,0.0043595806
183,Lithuania,LTU,0.002565484,0.0015341395,0.0019148109,0.0012242073,0.0019148109,0.0012242073
184,Denmark,DNK,0.0010420134,0.0012002657,3.3780383e-05,0.00010033181,3.3780383e-05,0.00010033181
185,Sweden,SWE,0.014514475,0.0071002673,0.012127871,0.005927805,0.0118533475,0.0058152466
186,Latvia,LVA,0.0025467006,0.0015682443,0.0025413872,0.0015715166,0.0025413872,0.0015715166
187,Estonia,EST,0.0017955371,0.0013476515,0.0015723326,0.0011135776,0.0015723326,0.0011135776
188,Norway,NOR,0.008423434,0.0061912276,0.004814028,0.0027672914,0.0047845505,0.002742464
189,Greenland,GRL,0.0005596766,0.0015857909,0.0,0.0,0.0,0.0
190,Aland,ALA,5.9574002e-05,0.00016649596,3.3920703e-06,9.229767e-06,3.3920703e-06,9.229767e-06
191,Finland,FIN,0.009680908,0.0046750163,0.008842223,0.0043651825,0.0087406915,0.004308046
192,Faroe Islands,FRO,4.3914074e-06,1.243045e-05,0.0,0.0,0.0,0.0
193,Iceland,ISL,0.0011376475,0.0023543604,0.0,0.0,0.0,0.0
